{
  "Add New Share Skill" : {
    "transaction" : "Add New Share Skill",
    "sampleCount" : 100,
    "errorCount" : 0,
    "errorPct" : 0.0,
    "meanResTime" : 201.45000000000002,
    "medianResTime" : 136.0,
    "minResTime" : 117.0,
    "maxResTime" : 657.0,
    "pct1ResTime" : 571.6,
    "pct2ResTime" : 597.6499999999999,
    "pct3ResTime" : 656.7499999999999,
    "throughput" : 2.275519956310017,
    "receivedKBytesPerSec" : 0.4977699904428162,
    "sentKBytesPerSec" : 2.9288430687662133
  },
  "Add Education" : {
    "transaction" : "Add Education",
    "sampleCount" : 100,
    "errorCount" : 0,
    "errorPct" : 0.0,
    "meanResTime" : 147.29000000000002,
    "medianResTime" : 153.0,
    "minResTime" : 92.0,
    "maxResTime" : 349.0,
    "pct1ResTime" : 201.9,
    "pct2ResTime" : 230.0,
    "pct3ResTime" : 348.6899999999998,
    "throughput" : 2.26736803918012,
    "receivedKBytesPerSec" : 0.4583449063577,
    "sentKBytesPerSec" : 1.510102541719572
  },
  "Delete Listings" : {
    "transaction" : "Delete Listings",
    "sampleCount" : 100,
    "errorCount" : 0,
    "errorPct" : 0.0,
    "meanResTime" : 279.7599999999999,
    "medianResTime" : 265.0,
    "minResTime" : 234.0,
    "maxResTime" : 544.0,
    "pct1ResTime" : 329.70000000000005,
    "pct2ResTime" : 399.54999999999944,
    "pct3ResTime" : 543.4899999999998,
    "throughput" : 2.2949465277459034,
    "receivedKBytesPerSec" : 0.4392671088263644,
    "sentKBytesPerSec" : 1.3155601677605913
  },
  "Add Certification" : {
    "transaction" : "Add Certification",
    "sampleCount" : 100,
    "errorCount" : 0,
    "errorPct" : 0.0,
    "meanResTime" : 96.1,
    "medianResTime" : 70.0,
    "minResTime" : 60.0,
    "maxResTime" : 686.0,
    "pct1ResTime" : 132.50000000000003,
    "pct2ResTime" : 168.6999999999997,
    "pct3ResTime" : 685.98,
    "throughput" : 2.273450643386532,
    "receivedKBytesPerSec" : 0.4595744952939572,
    "sentKBytesPerSec" : 1.4719704849270223
  },
  "Delete Education" : {
    "transaction" : "Delete Education",
    "sampleCount" : 100,
    "errorCount" : 0,
    "errorPct" : 0.0,
    "meanResTime" : 71.24000000000004,
    "medianResTime" : 67.5,
    "minResTime" : 59.0,
    "maxResTime" : 144.0,
    "pct1ResTime" : 80.80000000000001,
    "pct2ResTime" : 108.84999999999997,
    "pct3ResTime" : 143.89999999999995,
    "throughput" : 2.279877798549998,
    "receivedKBytesPerSec" : 0.4853646094569331,
    "sentKBytesPerSec" : 1.324733681774657
  },
  "Update Education" : {
    "transaction" : "Update Education",
    "sampleCount" : 100,
    "errorCount" : 33,
    "errorPct" : 33.0,
    "meanResTime" : 315.83,
    "medianResTime" : 330.0,
    "minResTime" : 145.0,
    "maxResTime" : 998.0,
    "pct1ResTime" : 405.9,
    "pct2ResTime" : 462.9,
    "pct3ResTime" : 995.4099999999987,
    "throughput" : 2.2595295659443706,
    "receivedKBytesPerSec" : 0.4803044927921007,
    "sentKBytesPerSec" : 1.5754922950041803
  },
  "Add Language" : {
    "transaction" : "Add Language",
    "sampleCount" : 100,
    "errorCount" : 0,
    "errorPct" : 0.0,
    "meanResTime" : 75.16999999999999,
    "medianResTime" : 70.0,
    "minResTime" : 59.0,
    "maxResTime" : 145.0,
    "pct1ResTime" : 92.9,
    "pct2ResTime" : 127.89999999999998,
    "pct3ResTime" : 144.99,
    "throughput" : 2.272469037609363,
    "receivedKBytesPerSec" : 0.45937606521986135,
    "sentKBytesPerSec" : 1.3559361152141802
  },
  "View Listings" : {
    "transaction" : "View Listings",
    "sampleCount" : 100,
    "errorCount" : 0,
    "errorPct" : 0.0,
    "meanResTime" : 153.41999999999996,
    "medianResTime" : 132.0,
    "minResTime" : 114.0,
    "maxResTime" : 647.0,
    "pct1ResTime" : 177.20000000000005,
    "pct2ResTime" : 295.39999999999964,
    "pct3ResTime" : 646.8299999999999,
    "throughput" : 2.302290779325429,
    "receivedKBytesPerSec" : 2.9384110236560375,
    "sentKBytesPerSec" : 1.3759784735812133
  },
  "Add Skill" : {
    "transaction" : "Add Skill",
    "sampleCount" : 100,
    "errorCount" : 0,
    "errorPct" : 0.0,
    "meanResTime" : 134.86999999999998,
    "medianResTime" : 73.0,
    "minResTime" : 61.0,
    "maxResTime" : 607.0,
    "pct1ResTime" : 559.8000000000002,
    "pct2ResTime" : 592.8499999999999,
    "pct3ResTime" : 606.9399999999999,
    "throughput" : 2.2137607367395735,
    "receivedKBytesPerSec" : 0.4475082739307536,
    "sentKBytesPerSec" : 1.3598198275480387
  },
  "Update Certification" : {
    "transaction" : "Update Certification",
    "sampleCount" : 100,
    "errorCount" : 23,
    "errorPct" : 23.0,
    "meanResTime" : 255.85000000000008,
    "medianResTime" : 263.0,
    "minResTime" : 122.0,
    "maxResTime" : 462.0,
    "pct1ResTime" : 340.6,
    "pct2ResTime" : 357.9,
    "pct3ResTime" : 461.66999999999985,
    "throughput" : 2.2632627195364834,
    "receivedKBytesPerSec" : 0.35425366082744886,
    "sentKBytesPerSec" : 1.538311379684954
  },
  "Delete Language" : {
    "transaction" : "Delete Language",
    "sampleCount" : 100,
    "errorCount" : 0,
    "errorPct" : 0.0,
    "meanResTime" : 74.78999999999999,
    "medianResTime" : 69.0,
    "minResTime" : 60.0,
    "maxResTime" : 214.0,
    "pct1ResTime" : 89.0,
    "pct2ResTime" : 128.89999999999998,
    "pct3ResTime" : 213.2399999999996,
    "throughput" : 2.273192243868064,
    "receivedKBytesPerSec" : 0.44176294582982883,
    "sentKBytesPerSec" : 1.316409180286877
  },
  "Edit Description" : {
    "transaction" : "Edit Description",
    "sampleCount" : 100,
    "errorCount" : 0,
    "errorPct" : 0.0,
    "meanResTime" : 216.96000000000006,
    "medianResTime" : 203.0,
    "minResTime" : 178.0,
    "maxResTime" : 509.0,
    "pct1ResTime" : 265.30000000000007,
    "pct2ResTime" : 280.5999999999999,
    "pct3ResTime" : 507.9899999999995,
    "throughput" : 2.2978469174383602,
    "receivedKBytesPerSec" : 0.4936780486683977,
    "sentKBytesPerSec" : 1.3441506870562283
  },
  "Total" : {
    "transaction" : "Total",
    "sampleCount" : 1900,
    "errorCount" : 56,
    "errorPct" : 2.9473684,
    "meanResTime" : 241.2115789473686,
    "medianResTime" : 165.0,
    "minResTime" : 59.0,
    "maxResTime" : 4698.0,
    "pct1ResTime" : 391.40000000000055,
    "pct2ResTime" : 958.7999999999993,
    "pct3ResTime" : 1112.8700000000001,
    "throughput" : 35.49676792586781,
    "receivedKBytesPerSec" : 20.729338896050518,
    "sentKBytesPerSec" : 22.752742242087955
  },
  "Disable/Enable Listings" : {
    "transaction" : "Disable/Enable Listings",
    "sampleCount" : 100,
    "errorCount" : 0,
    "errorPct" : 0.0,
    "meanResTime" : 213.87999999999994,
    "medianResTime" : 198.0,
    "minResTime" : 173.0,
    "maxResTime" : 646.0,
    "pct1ResTime" : 244.8,
    "pct2ResTime" : 338.4499999999999,
    "pct3ResTime" : 644.6299999999993,
    "throughput" : 2.298005331372369,
    "receivedKBytesPerSec" : 0.4263877079694825,
    "sentKBytesPerSec" : 1.3038487280540492
  },
  "SignIn" : {
    "transaction" : "SignIn",
    "sampleCount" : 100,
    "errorCount" : 0,
    "errorPct" : 0.0,
    "meanResTime" : 536.2599999999999,
    "medianResTime" : 242.5,
    "minResTime" : 216.0,
    "maxResTime" : 4698.0,
    "pct1ResTime" : 820.6000000000018,
    "pct2ResTime" : 3322.099999999995,
    "pct3ResTime" : 4696.489999999999,
    "throughput" : 2.014829142488717,
    "receivedKBytesPerSec" : 0.9680624395551257,
    "sentKBytesPerSec" : 0.6668612236057383
  },
  "Update Language" : {
    "transaction" : "Update Language",
    "sampleCount" : 100,
    "errorCount" : 0,
    "errorPct" : 0.0,
    "meanResTime" : 292.46000000000015,
    "medianResTime" : 270.5,
    "minResTime" : 237.0,
    "maxResTime" : 847.0,
    "pct1ResTime" : 339.9,
    "pct2ResTime" : 418.6499999999999,
    "pct3ResTime" : 843.3599999999981,
    "throughput" : 2.262034020991676,
    "receivedKBytesPerSec" : 0.4749387837043069,
    "sentKBytesPerSec" : 1.402726175126674
  },
  "Delete Certification" : {
    "transaction" : "Delete Certification",