{
  "Add New Share Skill" : {
    "transaction" : "Add New Share Skill",
    "sampleCount" : 1435,
    "errorCount" : 0,
    "errorPct" : 0.0,
    "meanResTime" : 34937.67317073173,
    "medianResTime" : 1660.0,
    "minResTime" : 125.0,
    "maxResTime" : 220094.0,
    "pct1ResTime" : 202606.0,
    "pct2ResTime" : 205465.6,
    "pct3ResTime" : 219505.88,
    "throughput" : 1.710440840797888,
    "receivedKBytesPerSec" : 0.374158933924538,
    "sentKBytesPerSec" : 2.2015244415738437
  },
  "Add Education" : {
    "transaction" : "Add Education",
    "sampleCount" : 1456,
    "errorCount" : 1,
    "errorPct" : 0.06868132,
    "meanResTime" : 24130.688186813182,
    "medianResTime" : 426.5,
    "minResTime" : 91.0,
    "maxResTime" : 2101241.0,
    "pct1ResTime" : 1453.3,
    "pct2ResTime" : 2432.9499999999953,
    "pct3ResTime" : 2081922.02,
    "throughput" : 0.4940409701118786,
    "receivedKBytesPerSec" : 0.09988485278359513,
    "sentKBytesPerSec" : 0.32903900548466913
  },
  "Delete Listings" : {
    "transaction" : "Delete Listings",
    "sampleCount" : 1424,
    "errorCount" : 7,
    "errorPct" : 0.49157304,
    "meanResTime" : 32224.896067415713,
    "medianResTime" : 1958.5,
    "minResTime" : 244.0,
    "maxResTime" : 2116231.0,
    "pct1ResTime" : 52836.0,
    "pct2ResTime" : 145950.5,
    "pct3ResTime" : 220457.75,
    "throughput" : 0.4820960887923493,
    "receivedKBytesPerSec" : 0.09207948806829108,
    "sentKBytesPerSec" : 0.2763578165245205
  },
  "Add Certification" : {
    "transaction" : "Add Certification",
    "sampleCount" : 1488,
    "errorCount" : 0,
    "errorPct" : 0.0,
    "meanResTime" : 8467.807123655912,
    "medianResTime" : 87.0,
    "minResTime" : 59.0,
    "maxResTime" : 2081815.0,
    "pct1ResTime" : 702.4000000000005,
    "pct2ResTime" : 1998.6499999999999,
    "pct3ResTime" : 34679.67999999999,
    "throughput" : 0.5081887374720205,
    "receivedKBytesPerSec" : 0.10272955923506667,
    "sentKBytesPerSec" : 0.3290323563905759
  },
  "Delete Education" : {
    "transaction" : "Delete Education",
    "sampleCount" : 1435,
    "errorCount" : 0,
    "errorPct" : 0.0,
    "meanResTime" : 710.875261324043,
    "medianResTime" : 81.0,
    "minResTime" : 58.0,
    "maxResTime" : 189661.0,
    "pct1ResTime" : 811.4000000000001,
    "pct2ResTime" : 1120.8000000000004,
    "pct3ResTime" : 2785.3600000000024,
    "throughput" : 1.719973870780221,
    "receivedKBytesPerSec" : 0.36616631233407043,
    "sentKBytesPerSec" : 0.9993988799943666
  },
  "Update Education" : {
    "transaction" : "Update Education",
    "sampleCount" : 1440,
    "errorCount" : 381,
    "errorPct" : 26.458334,
    "meanResTime" : 10390.141666666665,
    "medianResTime" : 662.0,
    "minResTime" : 157.0,
    "maxResTime" : 2111282.0,
    "pct1ResTime" : 3841.2000000000007,
    "pct2ResTime" : 4963.55,
    "pct3ResTime" : 37800.61999999991,
    "throughput" : 0.4871466030489288,
    "receivedKBytesPerSec" : 0.10358307479747049,
    "sentKBytesPerSec" : 0.33967058064153827
  },
  "Add Language" : {
    "transaction" : "Add Language",
    "sampleCount" : 1504,
    "errorCount" : 2,
    "errorPct" : 0.13297872,
    "meanResTime" : 5564.514627659573,
    "medianResTime" : 89.0,
    "minResTime" : 59.0,
    "maxResTime" : 2100936.0,
    "pct1ResTime" : 767.5,
    "pct2ResTime" : 807.0,
    "pct3ResTime" : 56478.80000000007,
    "throughput" : 0.5102451042423284,
    "receivedKBytesPerSec" : 0.10315386455536922,
    "sentKBytesPerSec" : 0.30445288934771747
  },
  "View Listings" : {
    "transaction" : "View Listings",
    "sampleCount" : 1435,
    "errorCount" : 2,
    "errorPct" : 0.13937283,
    "meanResTime" : 12192.391637630659,
    "medianResTime" : 824.0,
    "minResTime" : 117.0,
    "maxResTime" : 2107660.0,
    "pct1ResTime" : 2893.400000000002,
    "pct2ResTime" : 89362.8,
    "pct3ResTime" : 203540.32,
    "throughput" : 0.4871087600145827,
    "receivedKBytesPerSec" : 0.6209198011493051,
    "sentKBytesPerSec" : 0.2911235948524654
  },
  "Add Skill" : {
    "transaction" : "Add Skill",
    "sampleCount" : 1512,
    "errorCount" : 9,
    "errorPct" : 0.5952381,
    "meanResTime" : 13477.449074074071,
    "medianResTime" : 92.5,
    "minResTime" : 60.0,
    "maxResTime" : 224847.0,
    "pct1ResTime" : 23731.100000000002,
    "pct2ResTime" : 145177.35,
    "pct3ResTime" : 159509.0199999999,
    "throughput" : 1.782344183392843,
    "receivedKBytesPerSec" : 0.364717437075706,
    "sentKBytesPerSec" : 1.0933706661452445
  },
  "Update Certification" : {
    "transaction" : "Update Certification",
    "sampleCount" : 1483,
    "errorCount" : 367,
    "errorPct" : 24.747133,
    "meanResTime" : 36079.97033041133,
    "medianResTime" : 302.0,
    "minResTime" : 121.0,
    "maxResTime" : 2110487.0,
    "pct1ResTime" : 36193.4,
    "pct2ResTime" : 36461.6,
    "pct3ResTime" : 2082036.52,
    "throughput" : 0.5015935658026156,
    "receivedKBytesPerSec" : 0.07796342960541869,
    "sentKBytesPerSec" : 0.3409268767564653
  },
  "Delete Language" : {
    "transaction" : "Delete Language",
    "sampleCount" : 1494,
    "errorCount" : 1,
    "errorPct" : 0.06693441,
    "meanResTime" : 8993.503346720214,
    "medianResTime" : 83.0,
    "minResTime" : 57.0,
    "maxResTime" : 2110192.0,
    "pct1ResTime" : 618.0,
    "pct2ResTime" : 753.25,
    "pct3ResTime" : 6720.04999999924,
    "throughput" : 0.5053214338140539,
    "receivedKBytesPerSec" : 0.09817304760405259,
    "sentKBytesPerSec" : 0.29262681667537055
  },
  "Edit Description" : {
    "transaction" : "Edit Description",
    "sampleCount" : 1435,
    "errorCount" : 0,
    "errorPct" : 0.0,
    "meanResTime" : 2511.8202090592317,
    "medianResTime" : 327.0,
    "minResTime" : 177.0,
    "maxResTime" : 213768.0,
    "pct1ResTime" : 2301.4000000000015,
    "pct2ResTime" : 4286.600000000006,
    "pct3ResTime" : 35743.0,
    "throughput" : 1.7102797946234047,
    "receivedKBytesPerSec" : 0.3674429246261221,
    "sentKBytesPerSec" : 1.0004468720502142
  },
  "Total" : {
    "transaction" : "Total",
    "sampleCount" : 27887,
    "errorCount" : 888,
    "errorPct" : 3.1842794,
    "meanResTime" : 31186.680209416605,
    "medianResTime" : 489.0,
    "minResTime" : 57.0,
    "maxResTime" : 2196000.0,
    "pct1ResTime" : 26568.40000000014,
    "pct2ResTime" : 148090.15000000005,
    "pct3ResTime" : 2115583.0,
    "throughput" : 9.223013911745873,
    "receivedKBytesPerSec" : 5.107746996203573,
    "sentKBytesPerSec" : 5.89885727919684
  },
  "Disable/Enable Listings" : {
    "transaction" : "Disable/Enable Listings",
    "sampleCount" : 1433,
    "errorCount" : 2,
    "errorPct" : 0.13956735,
    "meanResTime" : 33131.94347522679,
    "medianResTime" : 1337.0,
    "minResTime" : 178.0,
    "maxResTime" : 2116050.0,
    "pct1ResTime" : 80237.8,
    "pct2ResTime" : 203689.3,
    "pct3ResTime" : 220068.2,
    "throughput" : 0.4851115113271676,
    "receivedKBytesPerSec" : 0.08995869104524096,
    "sentKBytesPerSec" : 0.275243933672934
  },
  "SignIn" : {
    "transaction" : "SignIn",
    "sampleCount" : 1516,
    "errorCount" : 4,
    "errorPct" : 0.26385224,
    "meanResTime" : 5910.267810026385,
    "medianResTime" : 283.0,
    "minResTime" : 208.0,
    "maxResTime" : 2101489.0,
    "pct1ResTime" : 515.3,
    "pct2ResTime" : 860.049999999999,
    "pct3ResTime" : 1956.7799999999952,
    "throughput" : 0.5136811659613716,
    "receivedKBytesPerSec" : 0.24630345875828083,
    "sentKBytesPerSec" : 0.1704427161425323
  },
  "Update Language" : {
    "transaction" : "Update Language",
    "sampleCount" : 1501,
    "errorCount" : 2,
    "errorPct" : 0.1332445,
    "meanResTime" : 13211.220519653563,
    "medianResTime" : 328.0,
    "minResTime" : 237.0,
    "maxResTime" : 2110414.0,
    "pct1ResTime" : 3858.3999999999996,
    "pct2ResTime" : 4072.8999999999996,
    "pct3ResTime" : 212154.3600000003,
    "throughput" : 0.5076238267328709,
    "receivedKBytesPerSec" : 0.1065844771990325,