{
  "Add New Share Skill" : {
    "transaction" : "Add New Share Skill",
    "sampleCount" : 300,
    "errorCount" : 0,
    "errorPct" : 0.0,
    "meanResTime" : 136.11000000000016,
    "medianResTime" : 130.0,
    "minResTime" : 117.0,
    "maxResTime" : 420.0,
    "pct1ResTime" : 149.0,
    "pct2ResTime" : 164.89999999999998,
    "pct3ResTime" : 263.9000000000001,
    "throughput" : 2.514458134272064,
    "receivedKBytesPerSec" : 0.5500377168720141,
    "sentKBytesPerSec" : 3.236382637666583
  },
  "Add Education" : {
    "transaction" : "Add Education",
    "sampleCount" : 300,
    "errorCount" : 0,
    "errorPct" : 0.0,
    "meanResTime" : 145.65000000000006,
    "medianResTime" : 151.0,
    "minResTime" : 88.0,
    "maxResTime" : 550.0,
    "pct1ResTime" : 184.80000000000007,
    "pct2ResTime" : 209.95,
    "pct3ResTime" : 380.4300000000005,
    "throughput" : 2.5135732957973054,
    "receivedKBytesPerSec" : 0.5081149142871506,
    "sentKBytesPerSec" : 1.6740790895837523
  },
  "Delete Listings" : {
    "transaction" : "Delete Listings",
    "sampleCount" : 300,
    "errorCount" : 0,
    "errorPct" : 0.0,
    "meanResTime" : 267.4133333333332,
    "medianResTime" : 253.0,
    "minResTime" : 231.0,
    "maxResTime" : 753.0,
    "pct1ResTime" : 301.50000000000017,
    "pct2ResTime" : 376.2999999999996,
    "pct3ResTime" : 521.7600000000002,
    "throughput" : 2.5115110925073254,
    "receivedKBytesPerSec" : 0.4807189200502302,
    "sentKBytesPerSec" : 1.4397041125994139
  },
  "Add Certification" : {
    "transaction" : "Add Certification",
    "sampleCount" : 300,
    "errorCount" : 0,
    "errorPct" : 0.0,
    "meanResTime" : 71.98000000000005,
    "medianResTime" : 67.0,
    "minResTime" : 58.0,
    "maxResTime" : 275.0,
    "pct1ResTime" : 79.0,
    "pct2ResTime" : 89.94999999999999,
    "pct3ResTime" : 193.9000000000001,
    "throughput" : 2.511553144464537,
    "receivedKBytesPerSec" : 0.507706543851718,
    "sentKBytesPerSec" : 1.626132553496082
  },
  "Delete Education" : {
    "transaction" : "Delete Education",
    "sampleCount" : 300,
    "errorCount" : 0,
    "errorPct" : 0.0,
    "meanResTime" : 68.7666666666667,
    "medianResTime" : 65.0,
    "minResTime" : 57.0,
    "maxResTime" : 222.0,
    "pct1ResTime" : 75.0,
    "pct2ResTime" : 86.94999999999999,
    "pct3ResTime" : 136.8900000000001,
    "throughput" : 2.51563888842303,
    "receivedKBytesPerSec" : 0.535555935230684,
    "sentKBytesPerSec" : 1.4617237681754909
  },
  "Update Education" : {
    "transaction" : "Update Education",
    "sampleCount" : 300,
    "errorCount" : 65,
    "errorPct" : 21.666666,
    "meanResTime" : 307.5133333333331,
    "medianResTime" : 314.5,
    "minResTime" : 150.0,
    "maxResTime" : 807.0,
    "pct1ResTime" : 381.0,
    "pct2ResTime" : 425.6499999999999,
    "pct3ResTime" : 617.8600000000001,
    "throughput" : 2.5095152453051153,
    "receivedKBytesPerSec" : 0.5337212843489899,
    "sentKBytesPerSec" : 1.7497987159646995
  },
  "Add Language" : {
    "transaction" : "Add Language",
    "sampleCount" : 300,
    "errorCount" : 0,
    "errorPct" : 0.0,
    "meanResTime" : 71.80999999999997,
    "medianResTime" : 67.0,
    "minResTime" : 59.0,
    "maxResTime" : 200.0,
    "pct1ResTime" : 79.0,
    "pct2ResTime" : 97.0,
    "pct3ResTime" : 190.82000000000016,
    "throughput" : 2.512184092850324,
    "receivedKBytesPerSec" : 0.5078340890820479,
    "sentKBytesPerSec" : 1.4989692194644022
  },
  "View Listings" : {
    "transaction" : "View Listings",
    "sampleCount" : 300,
    "errorCount" : 0,
    "errorPct" : 0.0,
    "meanResTime" : 134.50666666666686,
    "medianResTime" : 126.0,
    "minResTime" : 115.0,
    "maxResTime" : 407.0,
    "pct1ResTime" : 142.0,
    "pct2ResTime" : 184.79999999999995,
    "pct3ResTime" : 387.3400000000006,
    "throughput" : 2.5142474019443513,
    "receivedKBytesPerSec" : 3.208890090722427,
    "sentKBytesPerSec" : 1.502655673818304
  },
  "Add Skill" : {
    "transaction" : "Add Skill",
    "sampleCount" : 300,
    "errorCount" : 0,
    "errorPct" : 0.0,
    "meanResTime" : 75.4266666666666,
    "medianResTime" : 69.0,
    "minResTime" : 60.0,
    "maxResTime" : 358.0,
    "pct1ResTime" : 82.0,
    "pct2ResTime" : 105.5499999999999,
    "pct3ResTime" : 243.69000000000028,
    "throughput" : 2.5113218761248626,
    "receivedKBytesPerSec" : 0.5076597933182095,
    "sentKBytesPerSec" : 1.5425990821118543
  },
  "Update Certification" : {
    "transaction" : "Update Certification",
    "sampleCount" : 300,
    "errorCount" : 65,
    "errorPct" : 21.666666,
    "meanResTime" : 243.76999999999995,
    "medianResTime" : 256.0,
    "minResTime" : 117.0,
    "maxResTime" : 572.0,
    "pct1ResTime" : 286.0,
    "pct2ResTime" : 342.95,
    "pct3ResTime" : 528.7400000000002,
    "throughput" : 2.5077112119768286,
    "receivedKBytesPerSec" : 0.3946053384992184,
    "sentKBytesPerSec" : 1.7044599643905007
  },
  "Delete Language" : {
    "transaction" : "Delete Language",
    "sampleCount" : 300,
    "errorCount" : 0,
    "errorPct" : 0.0,
    "meanResTime" : 68.57666666666664,
    "medianResTime" : 65.0,
    "minResTime" : 57.0,
    "maxResTime" : 269.0,
    "pct1ResTime" : 74.0,
    "pct2ResTime" : 81.89999999999998,
    "pct3ResTime" : 122.97000000000003,
    "throughput" : 2.512899551028614,
    "receivedKBytesPerSec" : 0.4883466900924747,
    "sentKBytesPerSec" : 1.4552240564062187
  },
  "Edit Description" : {
    "transaction" : "Edit Description",
    "sampleCount" : 300,
    "errorCount" : 0,
    "errorPct" : 0.0,
    "meanResTime" : 205.1333333333333,
    "medianResTime" : 196.5,
    "minResTime" : 177.0,
    "maxResTime" : 462.0,
    "pct1ResTime" : 228.80000000000007,
    "pct2ResTime" : 266.95,
    "pct3ResTime" : 388.96000000000004,
    "throughput" : 2.5126890798532586,
    "receivedKBytesPerSec" : 0.5398355444997236,
    "sentKBytesPerSec" : 1.4698249597969746
  },
  "Total" : {
    "transaction" : "Total",
    "sampleCount" : 5700,
    "errorCount" : 130,
    "errorPct" : 2.2807016,
    "meanResTime" : 205.36087719298246,
    "medianResTime" : 152.0,
    "minResTime" : 57.0,
    "maxResTime" : 1370.0,
    "pct1ResTime" : 325.90000000000055,
    "pct2ResTime" : 921.9499999999998,
    "pct3ResTime" : 1032.9799999999996,
    "throughput" : 46.198735613551634,
    "receivedKBytesPerSec" : 26.98131059784811,
    "sentKBytesPerSec" : 29.61420636448371
  },
  "Disable/Enable Listings" : {
    "transaction" : "Disable/Enable Listings",
    "sampleCount" : 300,
    "errorCount" : 0,
    "errorPct" : 0.0,
    "meanResTime" : 195.9966666666667,
    "medianResTime" : 188.0,
    "minResTime" : 169.0,
    "maxResTime" : 634.0,
    "pct1ResTime" : 208.0,
    "pct2ResTime" : 239.69999999999993,
    "pct3ResTime" : 484.0900000000008,
    "throughput" : 2.5128364059738497,
    "receivedKBytesPerSec" : 0.46624894251467913,
    "sentKBytesPerSec" : 1.4257401873738347
  },
  "SignIn" : {
    "transaction" : "SignIn",
    "sampleCount" : 300,
    "errorCount" : 0,
    "errorPct" : 0.0,
    "meanResTime" : 236.71666666666667,
    "medianResTime" : 222.0,
    "minResTime" : 202.0,
    "maxResTime" : 532.0,
    "pct1ResTime" : 282.0,
    "pct2ResTime" : 328.9,
    "pct3ResTime" : 489.73000000000025,
    "throughput" : 2.5064122379754874,
    "receivedKBytesPerSec" : 1.204252754964785,
    "sentKBytesPerSec" : 0.8313260278378852
  },
  "Update Language" : {
    "transaction" : "Update Language",
    "sampleCount" : 300,
    "errorCount" : 0,
    "errorPct" : 0.0,
    "meanResTime" : 272.6066666666666,
    "medianResTime" : 259.0,
    "minResTime" : 232.0,
    "maxResTime" : 610.0,
    "pct1ResTime" : 300.90000000000003,
    "pct2ResTime" : 364.4499999999999,
    "pct3ResTime" : 555.95,
    "throughput" : 2.5086968156275087,
    "receivedKBytesPerSec" : 0.5267283353124164,
    "sentKBytesPerSec" : 1.5556860135971367
  },
  "Delete Certification" : {
    "transaction" : "Delete Certification",
    "sampleCount" : 300,