{
  "Add New Share Skill" : {
    "transaction" : "Add New Share Skill",
    "sampleCount" : 7690,
    "errorCount" : 274,
    "errorPct" : 3.5630689,
    "meanResTime" : 16774.085045513686,
    "medianResTime" : 3578.5,
    "minResTime" : 115.0,
    "maxResTime" : 375674.0,
    "pct1ResTime" : 10329.7,
    "pct2ResTime" : 166972.24999999994,
    "pct3ResTime" : 251612.59000000043,
    "throughput" : 3.9454876243033827,
    "receivedKBytesPerSec" : 0.8653240956419037,
    "sentKBytesPerSec" : 5.078274110187362
  },
  "Add Education" : {
    "transaction" : "Add Education",
    "sampleCount" : 7770,
    "errorCount" : 111,
    "errorPct" : 1.4285715,
    "meanResTime" : 2265.7325611325564,
    "medianResTime" : 907.0,
    "minResTime" : 3.0,
    "maxResTime" : 310971.0,
    "pct1ResTime" : 1630.6000000000022,
    "pct2ResTime" : 3440.699999999999,
    "pct3ResTime" : 29400.489999999983,
    "throughput" : 4.31454534853697,
    "receivedKBytesPerSec" : 0.8758855455095689,
    "sentKBytesPerSec" : 2.8735546168966923
  },
  "Delete Listings" : {
    "transaction" : "Delete Listings",
    "sampleCount" : 7409,
    "errorCount" : 314,
    "errorPct" : 4.2380886,
    "meanResTime" : 8600.852341746535,
    "medianResTime" : 5384.0,
    "minResTime" : 6.0,
    "maxResTime" : 379462.0,
    "pct1ResTime" : 12228.0,
    "pct2ResTime" : 15134.0,
    "pct3ResTime" : 157210.39999999915,
    "throughput" : 3.8042375992585615,
    "receivedKBytesPerSec" : 0.7147717550505375,
    "sentKBytesPerSec" : 2.1782944945033926
  },
  "Add Certification" : {
    "transaction" : "Add Certification",
    "sampleCount" : 7790,
    "errorCount" : 129,
    "errorPct" : 1.6559691,
    "meanResTime" : 711.9241335044924,
    "medianResTime" : 90.0,
    "minResTime" : 3.0,
    "maxResTime" : 246078.0,
    "pct1ResTime" : 618.0,
    "pct2ResTime" : 1413.949999999998,
    "pct3ResTime" : 8961.710000000003,
    "throughput" : 4.324959345937342,
    "receivedKBytesPerSec" : 0.8754711512997363,
    "sentKBytesPerSec" : 2.8002422327699783
  },
  "Delete Education" : {
    "transaction" : "Delete Education",
    "sampleCount" : 7707,
    "errorCount" : 180,
    "errorPct" : 2.335539,
    "meanResTime" : 1687.9392759828745,
    "medianResTime" : 81.0,
    "minResTime" : 1.0,
    "maxResTime" : 232282.0,
    "pct1ResTime" : 882.0,
    "pct2ResTime" : 4159.799999999996,
    "pct3ResTime" : 29186.280000000002,
    "throughput" : 4.2793011640787455,
    "receivedKBytesPerSec" : 0.9111109414518086,
    "sentKBytesPerSec" : 2.4854110592339236
  },
  "Update Education" : {
    "transaction" : "Update Education",
    "sampleCount" : 7769,
    "errorCount" : 2844,
    "errorPct" : 36.60703,
    "meanResTime" : 7292.7335564422665,
    "medianResTime" : 1126.0,
    "minResTime" : 3.0,
    "maxResTime" : 314906.0,
    "pct1ResTime" : 5786.0,
    "pct2ResTime" : 37182.5,
    "pct3ResTime" : 132469.10000000003,
    "throughput" : 4.303909527600364,
    "receivedKBytesPerSec" : 0.9009603174306396,
    "sentKBytesPerSec" : 2.9998737217142177
  },
  "Add Language" : {
    "transaction" : "Add Language",
    "sampleCount" : 7816,
    "errorCount" : 209,
    "errorPct" : 2.674002,
    "meanResTime" : 1683.661847492322,
    "medianResTime" : 92.0,
    "minResTime" : 3.0,
    "maxResTime" : 311644.0,
    "pct1ResTime" : 816.0,
    "pct2ResTime" : 4636.5999999999985,
    "pct3ResTime" : 33039.49,
    "throughput" : 4.338678967731908,
    "receivedKBytesPerSec" : 0.8785061860938567,
    "sentKBytesPerSec" : 2.588801610629097
  },
  "View Listings" : {
    "transaction" : "View Listings",
    "sampleCount" : 7550,
    "errorCount" : 319,
    "errorPct" : 4.2251654,
    "meanResTime" : 9707.996556291413,
    "medianResTime" : 2680.0,
    "minResTime" : 115.0,
    "maxResTime" : 366272.0,
    "pct1ResTime" : 8313.200000000004,
    "pct2ResTime" : 15026.0,
    "pct3ResTime" : 218551.45999999956,
    "throughput" : 3.8756964061770898,
    "receivedKBytesPerSec" : 4.7655314763656955,
    "sentKBytesPerSec" : 2.3116640142102023
  },
  "Add Skill" : {
    "transaction" : "Add Skill",
    "sampleCount" : 7857,
    "errorCount" : 374,
    "errorPct" : 4.7600865,
    "meanResTime" : 9606.967799414522,
    "medianResTime" : 97.0,
    "minResTime" : 6.0,
    "maxResTime" : 306932.0,
    "pct1ResTime" : 3501.7999999999993,
    "pct2ResTime" : 108003.79999999996,
    "pct3ResTime" : 198419.74000000008,
    "throughput" : 4.3932682404225405,
    "receivedKBytesPerSec" : 1.0736504229925554,
    "sentKBytesPerSec" : 2.636775757436181
  },
  "Update Certification" : {
    "transaction" : "Update Certification",
    "sampleCount" : 7789,
    "errorCount" : 2291,
    "errorPct" : 29.413275,
    "meanResTime" : 3215.84722043908,
    "medianResTime" : 313.0,
    "minResTime" : 4.0,
    "maxResTime" : 315274.0,
    "pct1ResTime" : 2553.0,
    "pct2ResTime" : 8579.5,
    "pct3ResTime" : 96933.80000000053,
    "throughput" : 4.315383686309446,
    "receivedKBytesPerSec" : 0.658161349413387,
    "sentKBytesPerSec" : 2.9318706385274727
  },
  "Delete Language" : {
    "transaction" : "Delete Language",
    "sampleCount" : 7791,
    "errorCount" : 315,
    "errorPct" : 4.0431266,
    "meanResTime" : 781.9265819535353,
    "medianResTime" : 84.0,
    "minResTime" : 4.0,
    "maxResTime" : 246071.0,
    "pct1ResTime" : 607.0,
    "pct2ResTime" : 1931.9999999999964,
    "pct3ResTime" : 7979.039999999992,
    "throughput" : 4.325593790599288,
    "receivedKBytesPerSec" : 0.8255887807513574,
    "sentKBytesPerSec" : 2.5030132825599343
  },
  "Edit Description" : {
    "transaction" : "Edit Description",
    "sampleCount" : 7550,
    "errorCount" : 173,
    "errorPct" : 2.2913907,
    "meanResTime" : 4060.603311258273,
    "medianResTime" : 279.0,
    "minResTime" : 4.0,
    "maxResTime" : 313883.0,
    "pct1ResTime" : 1946.6000000000022,
    "pct2ResTime" : 7616.9,
    "pct3ResTime" : 121133.78999999996,
    "throughput" : 4.2104042155347745,
    "receivedKBytesPerSec" : 0.917965820057083,
    "sentKBytesPerSec" : 2.462921997173174
  },
  "Total" : {
    "transaction" : "Total",
    "sampleCount" : 146441,
    "errorCount" : 9555,
    "errorPct" : 6.524812,
    "meanResTime" : 6273.864723677158,
    "medianResTime" : 1523.5,
    "minResTime" : 1.0,
    "maxResTime" : 434971.0,
    "pct1ResTime" : 38478.80000000022,
    "pct2ResTime" : 127896.55000000005,
    "pct3ResTime" : 225563.90000000002,
    "throughput" : 75.04691681451484,
    "receivedKBytesPerSec" : 42.4870513131199,
    "sentKBytesPerSec" : 47.99974498911253
  },
  "Disable/Enable Listings" : {
    "transaction" : "Disable/Enable Listings",
    "sampleCount" : 7434,
    "errorCount" : 290,
    "errorPct" : 3.9009955,
    "meanResTime" : 8542.10034974439,
    "medianResTime" : 3867.0,
    "minResTime" : 11.0,
    "maxResTime" : 428446.0,
    "pct1ResTime" : 10043.5,
    "pct2ResTime" : 12966.25,
    "pct3ResTime" : 174145.9499999993,
    "throughput" : 3.8169761477499407,
    "receivedKBytesPerSec" : 0.6967405888099034,
    "sentKBytesPerSec" : 2.1632317363159554
  },
  "SignIn" : {
    "transaction" : "SignIn",
    "sampleCount" : 7868,
    "errorCount" : 11,
    "errorPct" : 0.1398068,
    "meanResTime" : 860.214412811388,
    "medianResTime" : 339.0,
    "minResTime" : 206.0,
    "maxResTime" : 58415.0,
    "pct1ResTime" : 900.1000000000004,
    "pct2ResTime" : 1898.6499999999978,
    "pct3ResTime" : 9294.099999999995,
    "throughput" : 4.42175742940109,
    "receivedKBytesPerSec" : 2.122216156702913,
    "sentKBytesPerSec" : 1.4672132840428396
  },
  "Update Language" : {
    "transaction" : "Update Language",
    "sampleCount" : 7812,
    "errorCount" : 473,
    "errorPct" : 6.0547876,
    "meanResTime" : 2303.8819764464934,
    "medianResTime" : 338.0,
    "minResTime" : 3.0,
    "maxResTime" : 314946.0,
    "pct1ResTime" : 2360.399999999998,
    "pct2ResTime" : 6523.349999999999,
    "pct3ResTime" : 23553.48,
    "throughput" : 4.32599099914776,