{
  "Add New Share Skill" : {
    "transaction" : "Add New Share Skill",
    "sampleCount" : 500,
    "errorCount" : 0,
    "errorPct" : 0.0,
    "meanResTime" : 144.3840000000001,
    "medianResTime" : 132.0,
    "minResTime" : 117.0,
    "maxResTime" : 680.0,
    "pct1ResTime" : 155.90000000000003,
    "pct2ResTime" : 178.84999999999997,
    "pct3ResTime" : 600.8200000000002,
    "throughput" : 5.059704513256426,
    "receivedKBytesPerSec" : 1.1068103622748433,
    "sentKBytesPerSec" : 6.512393113742158
  },
  "Add Education" : {
    "transaction" : "Add Education",
    "sampleCount" : 500,
    "errorCount" : 0,
    "errorPct" : 0.0,
    "meanResTime" : 124.54800000000019,
    "medianResTime" : 106.0,
    "minResTime" : 83.0,
    "maxResTime" : 275.0,
    "pct1ResTime" : 169.0,
    "pct2ResTime" : 186.95,
    "pct3ResTime" : 209.97000000000003,
    "throughput" : 5.014341015303769,
    "receivedKBytesPerSec" : 1.0136412013358205,
    "sentKBytesPerSec" : 3.3396294652706744
  },
  "Delete Listings" : {
    "transaction" : "Delete Listings",
    "sampleCount" : 500,
    "errorCount" : 0,
    "errorPct" : 0.0,
    "meanResTime" : 264.2580000000003,
    "medianResTime" : 256.0,
    "minResTime" : 233.0,
    "maxResTime" : 686.0,
    "pct1ResTime" : 289.0,
    "pct2ResTime" : 310.84999999999997,
    "pct3ResTime" : 378.94000000000005,
    "throughput" : 5.078823338209004,
    "receivedKBytesPerSec" : 0.9721185295790672,
    "sentKBytesPerSec" : 2.9113958003209817
  },
  "Add Certification" : {
    "transaction" : "Add Certification",
    "sampleCount" : 500,
    "errorCount" : 0,
    "errorPct" : 0.0,
    "meanResTime" : 71.26400000000001,
    "medianResTime" : 67.0,
    "minResTime" : 58.0,
    "maxResTime" : 537.0,
    "pct1ResTime" : 79.0,
    "pct2ResTime" : 85.0,
    "pct3ResTime" : 137.91000000000008,
    "throughput" : 5.021391126197602,
    "receivedKBytesPerSec" : 1.0150663702372105,
    "sentKBytesPerSec" : 3.25115460612208
  },
  "Delete Education" : {
    "transaction" : "Delete Education",
    "sampleCount" : 500,
    "errorCount" : 0,
    "errorPct" : 0.0,
    "meanResTime" : 67.51600000000006,
    "medianResTime" : 65.0,
    "minResTime" : 57.0,
    "maxResTime" : 176.0,
    "pct1ResTime" : 76.0,
    "pct2ResTime" : 80.0,
    "pct3ResTime" : 104.98000000000002,
    "throughput" : 5.062932247840659,
    "receivedKBytesPerSec" : 1.0778508105754527,
    "sentKBytesPerSec" : 2.9418405151027267
  },
  "Update Education" : {
    "transaction" : "Update Education",
    "sampleCount" : 500,
    "errorCount" : 135,
    "errorPct" : 27.0,
    "meanResTime" : 285.9139999999999,
    "medianResTime" : 290.5,
    "minResTime" : 143.0,
    "maxResTime" : 1016.0,
    "pct1ResTime" : 367.0,
    "pct2ResTime" : 388.95,
    "pct3ResTime" : 562.2400000000007,
    "throughput" : 5.014341015303769,
    "receivedKBytesPerSec" : 1.0661840520137593,
    "sentKBytesPerSec" : 3.496327621998917
  },
  "Add Language" : {
    "transaction" : "Add Language",
    "sampleCount" : 500,
    "errorCount" : 0,
    "errorPct" : 0.0,
    "meanResTime" : 73.50199999999997,
    "medianResTime" : 67.0,
    "minResTime" : 58.0,
    "maxResTime" : 538.0,
    "pct1ResTime" : 79.0,
    "pct2ResTime" : 91.94999999999999,
    "pct3ResTime" : 151.8800000000001,
    "throughput" : 5.019878719730132,
    "receivedKBytesPerSec" : 1.0147606396329465,
    "sentKBytesPerSec" : 2.9952596657764747
  },
  "View Listings" : {
    "transaction" : "View Listings",
    "sampleCount" : 500,
    "errorCount" : 0,
    "errorPct" : 0.0,
    "meanResTime" : 139.24799999999996,
    "medianResTime" : 128.0,
    "minResTime" : 114.0,
    "maxResTime" : 645.0,
    "pct1ResTime" : 148.90000000000003,
    "pct2ResTime" : 169.89999999999998,
    "pct3ResTime" : 578.96,
    "throughput" : 5.085538761976443,
    "receivedKBytesPerSec" : 6.490597633444537,
    "sentKBytesPerSec" : 3.039404025712484
  },
  "Add Skill" : {
    "transaction" : "Add Skill",
    "sampleCount" : 500,
    "errorCount" : 0,
    "errorPct" : 0.0,
    "meanResTime" : 74.85600000000001,
    "medianResTime" : 70.0,
    "minResTime" : 59.0,
    "maxResTime" : 537.0,
    "pct1ResTime" : 81.0,
    "pct2ResTime" : 93.89999999999998,
    "pct3ResTime" : 144.92000000000007,
    "throughput" : 5.017662170841362,
    "receivedKBytesPerSec" : 1.0143125677384393,
    "sentKBytesPerSec" : 3.082138188925016
  },
  "Update Certification" : {
    "transaction" : "Update Certification",
    "sampleCount" : 500,
    "errorCount" : 122,
    "errorPct" : 24.4,
    "meanResTime" : 235.31600000000012,
    "medianResTime" : 254.0,
    "minResTime" : 116.0,
    "maxResTime" : 747.0,
    "pct1ResTime" : 284.90000000000003,
    "pct2ResTime" : 307.95,
    "pct3ResTime" : 380.98,
    "throughput" : 5.013637092892668,
    "receivedKBytesPerSec" : 0.7803647797007862,
    "sentKBytesPerSec" : 3.4077064615754855
  },
  "Delete Language" : {
    "transaction" : "Delete Language",
    "sampleCount" : 500,
    "errorCount" : 0,
    "errorPct" : 0.0,
    "meanResTime" : 68.46000000000008,
    "medianResTime" : 65.0,
    "minResTime" : 56.0,
    "maxResTime" : 533.0,
    "pct1ResTime" : 76.0,
    "pct2ResTime" : 83.0,
    "pct3ResTime" : 115.97000000000003,
    "throughput" : 5.0211389951696646,
    "receivedKBytesPerSec" : 0.9757877539441048,
    "sentKBytesPerSec" : 2.907749437632433
  },
  "Edit Description" : {
    "transaction" : "Edit Description",
    "sampleCount" : 500,
    "errorCount" : 0,
    "errorPct" : 0.0,
    "meanResTime" : 203.0100000000001,
    "medianResTime" : 196.0,
    "minResTime" : 171.0,
    "maxResTime" : 680.0,
    "pct1ResTime" : 220.90000000000003,
    "pct2ResTime" : 243.79999999999995,
    "pct3ResTime" : 332.5700000000004,
    "throughput" : 5.0817656086430665,
    "receivedKBytesPerSec" : 1.091785579981909,
    "sentKBytesPerSec" : 2.9726343745871064
  },
  "Total" : {
    "transaction" : "Total",
    "sampleCount" : 9500,
    "errorCount" : 257,
    "errorPct" : 2.7052631,
    "meanResTime" : 203.30347368421067,
    "medianResTime" : 144.0,
    "minResTime" : 56.0,
    "maxResTime" : 1670.0,
    "pct1ResTime" : 295.0,
    "pct2ResTime" : 935.9499999999989,
    "pct3ResTime" : 1028.0,
    "throughput" : 91.95802841987067,
    "receivedKBytesPerSec" : 53.69746708568068,
    "sentKBytesPerSec" : 58.94740273018546
  },
  "Disable/Enable Listings" : {
    "transaction" : "Disable/Enable Listings",
    "sampleCount" : 500,
    "errorCount" : 0,
    "errorPct" : 0.0,
    "meanResTime" : 198.25400000000005,
    "medianResTime" : 191.0,
    "minResTime" : 170.0,
    "maxResTime" : 1670.0,
    "pct1ResTime" : 215.0,
    "pct2ResTime" : 229.89999999999998,
    "pct3ResTime" : 293.93000000000006,
    "throughput" : 5.082540457022038,
    "receivedKBytesPerSec" : 0.9430494988615109,
    "sentKBytesPerSec" : 2.883746099150199
  },
  "SignIn" : {
    "transaction" : "SignIn",
    "sampleCount" : 500,
    "errorCount" : 0,
    "errorPct" : 0.0,
    "meanResTime" : 239.06999999999994,
    "medianResTime" : 225.0,
    "minResTime" : 205.0,
    "maxResTime" : 966.0,
    "pct1ResTime" : 264.0,
    "pct2ResTime" : 288.95,
    "pct3ResTime" : 576.7100000000003,
    "throughput" : 5.007009813739234,
    "receivedKBytesPerSec" : 2.405711746445023,
    "sentKBytesPerSec" : 1.6614275610855198
  },
  "Update Language" : {
    "transaction" : "Update Language",
    "sampleCount" : 500,
    "errorCount" : 0,
    "errorPct" : 0.0,
    "meanResTime" : 268.8419999999998,
    "medianResTime" : 259.0,
    "minResTime" : 232.0,
    "maxResTime" : 743.0,
    "pct1ResTime" : 287.90000000000003,
    "pct2ResTime" : 324.95,
    "pct3ResTime" : 686.7000000000003,
    "throughput" : 5.0106727329211225,
    "receivedKBytesPerSec" : 1.0520455445098058,
    "sentKBytesPerSec" : 3.107204282621985
  },
  "Delete Certification" : {
    "transaction" : "Delete Certification",
    "sampleCount" : 500,
    "errorCount" : 0,
    "errorPct" : 0.0,
    "meanResTime" : 68.40200000000009,