{
  "Add New Share Skill" : {
    "transaction" : "Add New Share Skill",
    "sampleCount" : 9543,
    "errorCount" : 0,
    "errorPct" : 0.0,
    "meanResTime" : 638.8908100178134,
    "medianResTime" : 235.0,
    "minResTime" : 114.0,
    "maxResTime" : 24798.0,
    "pct1ResTime" : 1717.0,
    "pct2ResTime" : 2661.199999999997,
    "pct3ResTime" : 4593.6799999999985,
    "throughput" : 5.3090255659928625,
    "receivedKBytesPerSec" : 1.1613493425609385,
    "sentKBytesPerSec" : 6.833296578104094
  },
  "Add Education" : {
    "transaction" : "Add Education",
    "sampleCount" : 9561,
    "errorCount" : 0,
    "errorPct" : 0.0,
    "meanResTime" : 1326.8111076247314,
    "medianResTime" : 1289.0,
    "minResTime" : 106.0,
    "maxResTime" : 33536.0,
    "pct1ResTime" : 1786.0,
    "pct2ResTime" : 1951.0,
    "pct3ResTime" : 2403.7599999999984,
    "throughput" : 5.314660592133569,
    "receivedKBytesPerSec" : 1.0743503345426255,
    "sentKBytesPerSec" : 3.5396469959327086
  },
  "Delete Listings" : {
    "transaction" : "Delete Listings",
    "sampleCount" : 9539,
    "errorCount" : 0,
    "errorPct" : 0.0,
    "meanResTime" : 627.7010168780779,
    "medianResTime" : 402.0,
    "minResTime" : 232.0,
    "maxResTime" : 24993.0,
    "pct1ResTime" : 1015.0,
    "pct2ResTime" : 1539.0,
    "pct3ResTime" : 3671.2000000000007,
    "throughput" : 5.310043882037868,
    "receivedKBytesPerSec" : 1.0163755867963107,
    "sentKBytesPerSec" : 3.0439411706603794
  },
  "Add Certification" : {
    "transaction" : "Add Certification",
    "sampleCount" : 9563,
    "errorCount" : 0,
    "errorPct" : 0.0,
    "meanResTime" : 108.45059081878061,
    "medianResTime" : 78.0,
    "minResTime" : 58.0,
    "maxResTime" : 32203.0,
    "pct1ResTime" : 155.0,
    "pct2ResTime" : 202.0,
    "pct3ResTime" : 364.08000000000175,
    "throughput" : 5.313867120537488,
    "receivedKBytesPerSec" : 1.0741899354992772,
    "sentKBytesPerSec" : 3.4405213876136274
  },
  "Delete Education" : {
    "transaction" : "Delete Education",
    "sampleCount" : 9544,
    "errorCount" : 0,
    "errorPct" : 0.0,
    "meanResTime" : 106.98931265716664,
    "medianResTime" : 76.0,
    "minResTime" : 56.0,
    "maxResTime" : 28404.0,
    "pct1ResTime" : 163.0,
    "pct2ResTime" : 209.0,
    "pct3ResTime" : 368.5499999999993,
    "throughput" : 5.309413527878315,
    "receivedKBytesPerSec" : 1.1303243643334695,
    "sentKBytesPerSec" : 3.0850596182496073
  },
  "Update Education" : {
    "transaction" : "Update Education",
    "sampleCount" : 9554,
    "errorCount" : 3604,
    "errorPct" : 37.72242,
    "meanResTime" : 1550.9258949131251,
    "medianResTime" : 1467.0,
    "minResTime" : 209.0,
    "maxResTime" : 32892.0,
    "pct1ResTime" : 2006.0,
    "pct2ResTime" : 2187.0,
    "pct3ResTime" : 2863.4500000000007,
    "throughput" : 5.3130317758672465,
    "receivedKBytesPerSec" : 1.1291374247867336,
    "sentKBytesPerSec" : 3.7045944218449356
  },
  "Add Language" : {
    "transaction" : "Add Language",
    "sampleCount" : 9565,
    "errorCount" : 0,
    "errorPct" : 0.0,
    "meanResTime" : 102.01212754835275,
    "medianResTime" : 78.0,
    "minResTime" : 58.0,
    "maxResTime" : 3372.0,
    "pct1ResTime" : 162.0,
    "pct2ResTime" : 215.0,
    "pct3ResTime" : 358.0,
    "throughput" : 5.387060129503461,
    "receivedKBytesPerSec" : 1.0889857878976723,
    "sentKBytesPerSec" : 3.214349354615835
  },
  "View Listings" : {
    "transaction" : "View Listings",
    "sampleCount" : 9540,
    "errorCount" : 0,
    "errorPct" : 0.0,
    "meanResTime" : 309.4343815513626,
    "medianResTime" : 199.0,
    "minResTime" : 113.0,
    "maxResTime" : 9170.0,
    "pct1ResTime" : 560.8999999999996,
    "pct2ResTime" : 802.0,
    "pct3ResTime" : 1785.0,
    "throughput" : 5.3840449415373985,
    "receivedKBytesPerSec" : 6.871436297690279,
    "sentKBytesPerSec" : 3.217808109590711
  },
  "Add Skill" : {
    "transaction" : "Add Skill",
    "sampleCount" : 9568,
    "errorCount" : 0,
    "errorPct" : 0.0,
    "meanResTime" : 248.88137541805946,
    "medianResTime" : 86.0,
    "minResTime" : 60.0,
    "maxResTime" : 32448.0,
    "pct1ResTime" : 193.0,
    "pct2ResTime" : 263.0,
    "pct3ResTime" : 778.7899999999954,
    "throughput" : 5.38496779037347,
    "receivedKBytesPerSec" : 1.0885628248118244,
    "sentKBytesPerSec" : 3.307758535297766
  },
  "Update Certification" : {
    "transaction" : "Update Certification",
    "sampleCount" : 9562,
    "errorCount" : 2352,
    "errorPct" : 24.597364,
    "meanResTime" : 325.7914662204562,
    "medianResTime" : 280.5,
    "minResTime" : 116.0,
    "maxResTime" : 32424.0,
    "pct1ResTime" : 451.0,
    "pct2ResTime" : 561.0,
    "pct3ResTime" : 984.850000000004,
    "throughput" : 5.313462030029229,
    "receivedKBytesPerSec" : 0.8263766319780171,
    "sentKBytesPerSec" : 3.611493723535492
  },
  "Delete Language" : {
    "transaction" : "Delete Language",
    "sampleCount" : 9564,
    "errorCount" : 10,
    "errorPct" : 0.10455876,
    "meanResTime" : 111.64910079464649,
    "medianResTime" : 75.0,
    "minResTime" : 56.0,
    "maxResTime" : 28673.0,
    "pct1ResTime" : 152.0,
    "pct2ResTime" : 196.0,
    "pct3ResTime" : 343.0,
    "throughput" : 5.31420427236686,
    "receivedKBytesPerSec" : 1.0322633605229747,
    "sentKBytesPerSec" : 3.0774639975718245
  },
  "Edit Description" : {
    "transaction" : "Edit Description",
    "sampleCount" : 9542,
    "errorCount" : 0,
    "errorPct" : 0.0,
    "meanResTime" : 306.3822049884724,
    "medianResTime" : 230.0,
    "minResTime" : 173.0,
    "maxResTime" : 24960.0,
    "pct1ResTime" : 432.0,
    "pct2ResTime" : 563.0,
    "pct3ResTime" : 837.0,
    "throughput" : 5.3098635361732365,
    "receivedKBytesPerSec" : 1.140790994099719,
    "sentKBytesPerSec" : 3.1060627521169617
  },
  "Total" : {
    "transaction" : "Total",
    "sampleCount" : 181549,
    "errorCount" : 6084,
    "errorPct" : 3.3511615,
    "meanResTime" : 981.5508595475537,
    "medianResTime" : 224.0,
    "minResTime" : 56.0,
    "maxResTime" : 67163.0,
    "pct1ResTime" : 1614.0,
    "pct2ResTime" : 9643.900000000001,
    "pct3ResTime" : 12963.970000000005,
    "throughput" : 100.62905282901946,
    "receivedKBytesPerSec" : 58.68912953242013,
    "sentKBytesPerSec" : 64.49931485312815
  },
  "Disable/Enable Listings" : {
    "transaction" : "Disable/Enable Listings",
    "sampleCount" : 9540,
    "errorCount" : 0,
    "errorPct" : 0.0,
    "meanResTime" : 487.04779874213983,
    "medianResTime" : 296.0,
    "minResTime" : 171.0,
    "maxResTime" : 24853.0,
    "pct1ResTime" : 893.8999999999996,
    "pct2ResTime" : 1300.949999999999,
    "pct3ResTime" : 2833.3100000000013,
    "throughput" : 5.309965034381189,
    "receivedKBytesPerSec" : 0.9852474184886971,
    "sentKBytesPerSec" : 3.012782895483858
  },
  "SignIn" : {
    "transaction" : "SignIn",
    "sampleCount" : 9569,
    "errorCount" : 0,
    "errorPct" : 0.0,
    "meanResTime" : 1157.995610826628,
    "medianResTime" : 333.0,
    "minResTime" : 217.0,
    "maxResTime" : 67163.0,
    "pct1ResTime" : 668.0,
    "pct2ResTime" : 951.5,
    "pct3ResTime" : 31506.0,
    "throughput" : 5.308310843233138,
    "receivedKBytesPerSec" : 2.550477475459672,
    "sentKBytesPerSec" : 1.7613711813058035
  },
  "Update Language" : {
    "transaction" : "Update Language",
    "sampleCount" : 9565,
    "errorCount" : 40,
    "errorPct" : 0.4181913,
    "meanResTime" : 382.57574490329245,
    "medianResTime" : 297.0,
    "minResTime" : 120.0,
    "maxResTime" : 31251.0,
    "pct1ResTime" : 508.0,
    "pct2ResTime" : 649.0,
    "pct3ResTime" : 1095.380000000001,
    "throughput" : 5.314015834822721,
    "receivedKBytesPerSec" : 1.1158442561058401,
    "sentKBytesPerSec" : 3.29531255382073
  },
  "Delete Certification" : {
    "transaction" : "Delete Certification",
    "sampleCount" : 9561,
    "errorCount" : 27,
    "errorPct" : 0.28239724,
    "meanResTime" : 94.45905240037652,
    "medianResTime" : 75.0,